--liquibase formatted sql
--changeset oleg@briolink.com:1
--splitStatements false
use ${readSchema}


INSERT INTO company(id,slug,data) VALUES ('e9f89daa-dd37-4595-a2ac-4bc4f6aaac88','paypal','{"name":"Pay Pal","website":"https://www.paypal.com","logo":"https://www.paypalobjects.com/webstatic/icon/pp258.png","description":"What is Lorem Ipsum? Lorem Ipsum is simply dummy text of the printing and typesetting industry. Lorem Ipsum has been the industry''s standard dummy text ever since the 1500s, when an unknown printer took a galley of type and scrambled it to make a type specimen book. It has survived not only five centuries, but also the leap into electronic typesetting, remaining essentially unchanged. It was popularised in the 1960s with the release of Letraset sheets containing Lorem Ipsum passages, and more recently with desktop publishing software like Aldus PageMaker including versions of Lorem Ipsum.","isTypePublic":0,"country":"USA","state":"California","facebook":"denis","state":"California","occupation":{"id":"dbadd3f3-24ba-4897-b5ba-34e14c95e7fe","name":"Technology"},"industry":{"id":"6763e338-457a-408c-9935-63e26101227c","name":"Internet"},"keywords":[{"id":"d2308497-7369-4689-a248-b082ee6063ca","name":"Inthernet"},{"id":"d555af6e-fd00-4872-8e2d-4547fa5d5f13","name":"Search"}],"statistic":{"serviceProvidedCount":5,"collaboratingPeopleCount":194,"totalConnectionCount":123,"collaboratingCompanyCount":25},"city":"San-Mateo"}');
INSERT INTO company(id,slug,data) VALUES ('728e5333-6f00-4de1-bf0f-1ace3374c47b','amazon','{"name":"Amazon","website":"https://www.amazon.com/","logo":"https://regnum.ru/uploads/pictures/news/2018/11/30/regnum_picture_154356037138044_normal.png","description":"Lorem Ipsum is simply dummy text of the printing and typesetting industry. Lorem Ipsum has been the industry''s standard dummy text ever since the 1500s, when an unknown printer took a galley of type and scrambled it to make a type specimen book. It has survived not only five centuries, but also the leap into electronic typesetting, remaining essentially unchanged. It was popularised in the 1960s with the release of Letraset sheets containing Lorem Ipsum passages, and more recently with desktop publishing software like Aldus PageMaker including versions of Lorem Ipsum.","isTypePublic":1,"country":"USA","state":"Texas","facebook":"pidor","state":"Texas","occupation":{"id":"cab8111d-3bf7-4c56-871d-37aa1e1a6361","name":"Consulting"},"industry":{"id":"9b9a8ab3-4899-4904-9e83-118e6fae1522","name":"Health"},"keywords":[{"id":"id","name":"name"},{"id":"fcb3cef6-2983-40de-b67a-a6e9c4805dd3","name":"Retail"}],"statistic":{"serviceProvidedCount":77,"collaboratingPeopleCount":148,"totalConnectionCount":99,"collaboratingCompanyCount":77},"city":"Houston"}');
INSERT INTO company(id,slug,data) VALUES ('974ae794-a929-434d-a939-b0fb49d8bf64','notion-labs-inc','{"name":"Notion Labs INC","website":"https://www.notion.so/","logo":"https://upload.wikimedia.org/wikipedia/commons/4/45/Notion_app_logo.png","description":"What is Lorem Ipsum? Lorem Ipsum is simply dummy text of the printing and typesetting industry. Lorem Ipsum has been the industry''s standard dummy text ever since the 1500s, when an unknown printer took a galley of type and scrambled it to make a type specimen book. It has survived not only five centuries, but also the leap into electronic typesetting, remaining essentially unchanged. It was popularised in the 1960s with the release of Letraset sheets containing Lorem Ipsum passages, and more recently with desktop publishing software like Aldus PageMaker including versions of Lorem Ipsum.","isTypePublic":1,"country":"USA","state":"California","facebook":"lox","state":"California","occupation":{"id":"dbadd3f3-24ba-4897-b5ba-34e14c95e7fe","name":"Technology"},"industry":{"id":"04881229-ebc7-46a1-a42e-237794c87cb0","name":"Music"},"keywords":[{"id":"d2308497-7369-4689-a248-b082ee6063ca","name":"Inthernet"},{"id":"5b844f0c-de9a-4c14-91fb-978f9f865288","name":"Telephone"}],"statistic":{"serviceProvidedCount":20,"collaboratingPeopleCount":88,"totalConnectionCount":143,"collaboratingCompanyCount":127},"city":"Los Angeles"}');
INSERT INTO company(id,slug,data) VALUES ('95d3b063-8ab5-4abb-9887-4006db7a20a8','google','{"name":"Google","website":"https://www.google.com/","logo":"https://w7.pngwing.com/pngs/760/624/png-transparent-google-logo-google-search-advertising-google-company-text-trademark.png","description":"Lorem Ipsum is simply dummy text of the printing and typesetting industry. Lorem Ipsum has been the industry''s standard dummy text ever since the 1500s, when an unknown printer took a galley of type and scrambled it to make a type specimen book. It has survived not only five centuries, but also the leap into electronic typesetting, remaining essentially unchanged. It was popularised in the 1960s with the release of Letraset sheets containing Lorem Ipsum passages, and more recently with desktop publishing software like Aldus PageMaker including versions of Lorem Ipsum.","isTypePublic":1,"country":"USA","state":"Texas","facebook":"vk1","state":"Texas","occupation":{"id":"dbadd3f3-24ba-4897-b5ba-34e14c95e7fe","name":"Technology"},"industry":{"id":"4e5d6b07-2779-48b2-a6d8-b0249d058e9d","name":"Software"},"keywords":[{"id":"5b844f0c-de9a-4c14-91fb-978f9f865288","name":"Telephone"},{"id":"d555af6e-fd00-4872-8e2d-4547fa5d5f13","name":"Search"}],"statistic":{"serviceProvidedCount":24,"collaboratingPeopleCount":158,"totalConnectionCount":47,"collaboratingCompanyCount":198},"city":"Dallas"}');
INSERT INTO company(id,slug,data) VALUES ('1e325d92-38b2-420a-a79e-4504110e0959','twitter','{"name":"Twitter","website":"https://twitter.com/","logo":"https://upload.wikimedia.org/wikipedia/ru/thumb/9/9f/Twitter_bird_logo_2012.svg/1261px-Twitter_bird_logo_2012.svg.png","description":"What is Lorem Ipsum? Lorem Ipsum is simply dummy text of the printing and typesetting industry. Lorem Ipsum has been the industry''s standard dummy text ever since the 1500s, when an unknown printer took a galley of type and scrambled it to make a type specimen book. It has survived not only five centuries, but also the leap into electronic typesetting, remaining essentially unchanged. It was popularised in the 1960s with the release of Letraset sheets containing Lorem Ipsum passages, and more recently with desktop publishing software like Aldus PageMaker including versions of Lorem Ipsum.","isTypePublic":1,"country":"Russian ","state":"Utah","facebook":"vbk2","state":"Utah","occupation":{"id":"cab8111d-3bf7-4c56-871d-37aa1e1a6361","name":"Consulting"},"industry":{"id":"14b60a98-1e84-4657-af4e-b9b46a0fe3bc","name":"Social"},"keywords":[{"id":"1763c0ec-8704-4b32-bcc4-590e6d27a3c0","name":"Device"},{"id":"id","name":"name"}],"statistic":{"serviceProvidedCount":72,"collaboratingPeopleCount":133,"totalConnectionCount":94,"collaboratingCompanyCount":64},"city":"Moscow"}');
INSERT INTO company(id,slug,data) VALUES ('765ca9e5-1bc0-4c94-abad-63e75ab3aa7c','github','{"name":"Git Hub","website":"https://github.com/","logo":"https://github.githubassets.com/images/modules/logos_page/GitHub-Mark.png","description":"Lorem Ipsum is simply dummy text of the printing and typesetting industry. Lorem Ipsum has been the industry''s standard dummy text ever since the 1500s, when an unknown printer took a galley of type and scrambled it to make a type specimen book. It has survived not only five centuries, but also the leap into electronic typesetting, remaining essentially unchanged. It was popularised in the 1960s with the release of Letraset sheets containing Lorem Ipsum passages, and more recently with desktop publishing software like Aldus PageMaker including versions of Lorem Ipsum.","isTypePublic":1,"country":"USA","state":"California","facebook":"cl1","state":"California","occupation":{"id":"dbadd3f3-24ba-4897-b5ba-34e14c95e7fe","name":"Technology"},"industry":{"id":"7ded339f-999c-4c42-9db0-b80fccfa33f1","name":"Beauty"},"keywords":[{"id":"1763c0ec-8704-4b32-bcc4-590e6d27a3c0","name":"Device"},{"id":"fcb3cef6-2983-40de-b67a-a6e9c4805dd3","name":"Retail"}],"statistic":{"serviceProvidedCount":177,"collaboratingPeopleCount":190,"totalConnectionCount":131,"collaboratingCompanyCount":7},"city":"San Francisco"}');

INSERT INTO service(id,company_id,data) VALUES ('8fabf81d-f4cc-41a1-b99b-b9b2aee78aa1','1e325d92-38b2-420a-a79e-4504110e0959','{"name":"Software provision","price":2126470,"verifiedUses":77,"image":"https://placeimg.com/640/640/tech","industry":"Deisgn","created":"2020-11-15"}');
INSERT INTO service(id,company_id,data) VALUES ('22ac4f21-134a-4084-b5ab-6726444b7719','e9f89daa-dd37-4595-a2ac-4bc4f6aaac88','{"name":"Corporate innovation","price":2811167,"verifiedUses":155,"image":"https://placeimg.com/640/640/tech","industry":"Internet","created":"2020-04-01"}');
INSERT INTO service(id,company_id,data) VALUES ('47a924e9-f857-492e-a49e-bb19eed535d8','b7151133-a500-42e7-812c-419a0f7f0349','{"name":"Advertising on Google services","price":1642282,"verifiedUses":332,"image":"https://placeimg.com/640/640/tech","industry":"Internet","created":"2020-12-25"}');
INSERT INTO service(id,company_id,data) VALUES ('22a9b254-34b9-48f6-ab29-d294667bc8ea','974ae794-a929-434d-a939-b0fb49d8bf64','{"name":"Online sales","price":1297487,"verifiedUses":169,"image":"https://placeimg.com/640/640/tech","industry":"Trade","created":"2020-10-23"}');
INSERT INTO service(id,company_id,data) VALUES ('96710328-26ac-45c2-bb64-aceb34ca5832','b7151133-a500-42e7-812c-419a0f7f0349','{"name":"Digital transformation","price":1854853,"verifiedUses":381,"image":"https://placeimg.com/640/640/tech","industry":"Music","created":"2019-10-27"}');
INSERT INTO service(id,company_id,data) VALUES ('903b5805-b619-4fb5-b6a3-05f077d9cb1f','e9f89daa-dd37-4595-a2ac-4bc4f6aaac88','{"name":"Software provision","price":1648088,"verifiedUses":287,"image":"https://placeimg.com/640/640/tech","industry":"Beauty","created":"2020-03-02"}');
INSERT INTO service(id,company_id,data) VALUES ('e61ab67a-5a25-4b80-8e19-6c903289747e','974ae794-a929-434d-a939-b0fb49d8bf64','{"name":"Innovation culture","price":169246,"verifiedUses":241,"image":"https://placeimg.com/640/640/tech","industry":"Software","created":"2019-05-02"}');
INSERT INTO service(id,company_id,data) VALUES ('7d8ba317-fc7d-4e0a-9c62-87b74da64ec3','765ca9e5-1bc0-4c94-abad-63e75ab3aa7c','{"name":"Corporate innovation","price":661114,"verifiedUses":45,"image":"https://placeimg.com/640/640/tech","industry":"Beauty","created":"2019-05-16"}');
INSERT INTO service(id,company_id,data) VALUES ('b47931bc-682d-4718-8122-f0d1c9048d16','e9f89daa-dd37-4595-a2ac-4bc4f6aaac88','{"name":"Online sales","price":2069469,"verifiedUses":241,"image":"https://placeimg.com/640/640/tech","industry":"Transport","created":"2020-09-20"}');
INSERT INTO service(id,company_id,data) VALUES ('ed3cd701-e5dc-4b8c-b57f-916076167e14','b7151133-a500-42e7-812c-419a0f7f0349','{"name":"Advertising on Google services","price":70984,"verifiedUses":316,"image":"https://placeimg.com/640/640/tech","industry":"Health","created":"2019-09-27"}');
INSERT INTO service(id,company_id,data) VALUES ('9d037f02-40d8-4994-8f1a-920d163a8066','728e5333-6f00-4de1-bf0f-1ace3374c47b','{"name":"Digital transformation","price":2380444,"verifiedUses":184,"image":"https://placeimg.com/640/640/tech","industry":"Health","created":"2021-02-26"}');
INSERT INTO service(id,company_id,data) VALUES ('b5ac0cf0-5139-4f71-9a9f-4e97f572de1f','1e325d92-38b2-420a-a79e-4504110e0959','{"name":"Executive Education","price":1813886,"verifiedUses":331,"image":"https://placeimg.com/640/640/tech","industry":"Trade","created":"2021-08-26"}');
INSERT INTO service(id,company_id,data) VALUES ('9f48858c-a13e-4343-bb5e-6477f1be76e7','974ae794-a929-434d-a939-b0fb49d8bf64','{"name":"Strategy development","price":1922169,"verifiedUses":297,"image":"https://placeimg.com/640/640/tech","industry":"Health","created":"2020-05-27"}');
INSERT INTO service(id,company_id,data) VALUES ('b13553e2-9084-41c3-9e2a-1bde31a76cb5','b7151133-a500-42e7-812c-419a0f7f0349','{"name":"Development and delivery of software","price":331234,"verifiedUses":187,"image":"https://placeimg.com/640/640/tech","industry":"Social","created":"2021-08-07"}');
INSERT INTO service(id,company_id,data) VALUES ('54b86617-db82-4ef1-a2b4-57f5f52050b1','728e5333-6f00-4de1-bf0f-1ace3374c47b','{"name":"Software provision","price":1463932,"verifiedUses":174,"image":"https://placeimg.com/640/640/tech","industry":"Software","created":"2019-05-11"}');
INSERT INTO service(id,company_id,data) VALUES ('54cbbb18-8afc-4079-a428-5994acbb1614','e9f89daa-dd37-4595-a2ac-4bc4f6aaac88','{"name":"Innovation culture","price":118948,"verifiedUses":159,"image":"https://placeimg.com/640/640/tech","industry":"Beauty","created":"2020-07-10"}');
INSERT INTO service(id,company_id,data) VALUES ('93aeecc8-d14b-4bd6-b36c-133511012c38','728e5333-6f00-4de1-bf0f-1ace3374c47b','{"name":"Strategy development","price":2174712,"verifiedUses":16,"image":"https://placeimg.com/640/640/tech","industry":"Deisgn","created":"2019-03-14"}');
INSERT INTO service(id,company_id,data) VALUES ('a7fe3295-4034-45ce-9705-a8a343b69ba7','e9f89daa-dd37-4595-a2ac-4bc4f6aaac88','{"name":"Software provision","price":2539303,"verifiedUses":150,"image":"https://placeimg.com/640/640/tech","industry":"Transport","created":"2020-12-08"}');
INSERT INTO service(id,company_id,data) VALUES ('3bdf078c-4457-4902-8f41-d7becf97806c','765ca9e5-1bc0-4c94-abad-63e75ab3aa7c','{"name":"Development and delivery of software","price":2195330,"verifiedUses":356,"image":"https://placeimg.com/640/640/tech","industry":"Beauty","created":"2020-01-05"}');
INSERT INTO service(id,company_id,data) VALUES ('8c92b8ec-17e9-4210-8154-3525fd7501ac','1e325d92-38b2-420a-a79e-4504110e0959','{"name":"Creation of an advertising campaign","price":1451203,"verifiedUses":234,"image":"https://placeimg.com/640/640/tech","industry":"Social","created":"2019-08-18"}');
INSERT INTO service(id,company_id,data) VALUES ('dd5389eb-e452-4098-b101-1e8af1b09268','728e5333-6f00-4de1-bf0f-1ace3374c47b','{"name":"Creation of an advertising campaign","price":2074719,"verifiedUses":226,"image":"https://placeimg.com/640/640/tech","industry":"Music","created":"2020-08-14"}');
INSERT INTO service(id,company_id,data) VALUES ('3906286f-3ade-4c67-88d8-904ace969a80','95d3b063-8ab5-4abb-9887-4006db7a20a8','{"name":"Online sales","price":1056395,"verifiedUses":173,"image":"https://placeimg.com/640/640/tech","industry":"Transport","created":"2019-05-07"}');
INSERT INTO service(id,company_id,data) VALUES ('cc9da353-02f0-4c8b-9875-e3079b6f5515','1e325d92-38b2-420a-a79e-4504110e0959','{"name":"Development and delivery of software","price":1727882,"verifiedUses":319,"image":"https://placeimg.com/640/640/tech","industry":"Health","created":"2019-08-30"}');
INSERT INTO service(id,company_id,data) VALUES ('ed3e0ae4-d725-44e0-9249-a869dcbd03c0','95d3b063-8ab5-4abb-9887-4006db7a20a8','{"name":"Corporate innovation","price":614980,"verifiedUses":91,"image":"https://placeimg.com/640/640/tech","industry":"Hardware","created":"2021-02-02"}');
INSERT INTO service(id,company_id,data) VALUES ('e1084080-6a33-427d-8560-f0a6f7e6b0e2','e9f89daa-dd37-4595-a2ac-4bc4f6aaac88','{"name":"Innovation culture","price":1557536,"verifiedUses":76,"image":"https://placeimg.com/640/640/tech","industry":"Hardware","created":"2020-10-21"}');
INSERT INTO service(id,company_id,data) VALUES ('19f2aec9-ca1a-4a32-aa84-252f22626ed0','b7151133-a500-42e7-812c-419a0f7f0349','{"name":"Strategy development","price":1487198,"verifiedUses":136,"image":"https://placeimg.com/640/640/tech","industry":"Beauty","created":"2019-10-17"}');
INSERT INTO service(id,company_id,data) VALUES ('49262277-b7d4-417f-ab47-beab25aff312','e9f89daa-dd37-4595-a2ac-4bc4f6aaac88','{"name":"Creation of an advertising campaign","price":786718,"verifiedUses":293,"image":"https://placeimg.com/640/640/tech","industry":"Transport","created":"2019-10-05"}');
INSERT INTO service(id,company_id,data) VALUES ('82b0e005-ea48-4d41-ab3b-c70115e4744c','95d3b063-8ab5-4abb-9887-4006db7a20a8','{"name":"Technology evalution","price":230964,"verifiedUses":290,"image":"https://placeimg.com/640/640/tech","industry":"Music","created":"2019-10-31"}');
INSERT INTO service(id,company_id,data) VALUES ('0eae093a-8bfe-495f-bf1d-e9fd146066aa','728e5333-6f00-4de1-bf0f-1ace3374c47b','{"name":"Strategy development","price":764775,"verifiedUses":7,"image":"https://placeimg.com/640/640/tech","industry":"Internet","created":"2020-10-27"}');
INSERT INTO service(id,company_id,data) VALUES ('05b1a4f3-bb5f-4563-9278-cb9d9018f13c','1e325d92-38b2-420a-a79e-4504110e0959','{"name":"Development and delivery of software","price":183175,"verifiedUses":251,"image":"https://placeimg.com/640/640/tech","industry":"Internet","created":"2020-10-07"}');
INSERT INTO service(id,company_id,data) VALUES ('ef113960-476d-46a0-a259-48e0836019fd','765ca9e5-1bc0-4c94-abad-63e75ab3aa7c','{"name":"Customer experience","price":2164808,"verifiedUses":56,"image":"https://placeimg.com/640/640/tech","industry":"Social","created":"2019-04-13"}');
INSERT INTO service(id,company_id,data) VALUES ('edc286fc-9dff-41ab-969b-a54e2b3c58d0','765ca9e5-1bc0-4c94-abad-63e75ab3aa7c','{"name":"Development and delivery of software","price":981766,"verifiedUses":175,"image":"https://placeimg.com/640/640/tech","industry":"Music","created":"2020-06-02"}');
INSERT INTO service(id,company_id,data) VALUES ('9f8b2bd6-1fc6-44f2-8443-301101584263','728e5333-6f00-4de1-bf0f-1ace3374c47b','{"name":"Corporate innovation","price":2385348,"verifiedUses":358,"image":"https://placeimg.com/640/640/tech","industry":"Health","created":"2020-02-20"}');
INSERT INTO service(id,company_id,data) VALUES ('ade2d85d-80a2-42bf-89dc-1ecf824df562','e9f89daa-dd37-4595-a2ac-4bc4f6aaac88','{"name":"Creation of an advertising campaign","price":1946047,"verifiedUses":157,"image":"https://placeimg.com/640/640/tech","industry":"Social","created":"2019-03-20"}');
INSERT INTO service(id,company_id,data) VALUES ('a5181345-d960-4075-94e3-b619134af615','e9f89daa-dd37-4595-a2ac-4bc4f6aaac88','{"name":"Executive Education","price":444622,"verifiedUses":311,"image":"https://placeimg.com/640/640/tech","industry":"Music","created":"2019-05-10"}');
INSERT INTO service(id,company_id,data) VALUES ('67b6015d-996b-4fae-b2bb-1fdbbd18e2da','e9f89daa-dd37-4595-a2ac-4bc4f6aaac88','{"name":"Online sales","price":2474383,"verifiedUses":32,"image":"https://placeimg.com/640/640/tech","industry":"Deisgn","created":"2019-03-27"}');
INSERT INTO service(id,company_id,data) VALUES ('a9d0797e-5952-46de-82ff-0046e0ca6b81','765ca9e5-1bc0-4c94-abad-63e75ab3aa7c','{"name":"Digital transformation","price":2092849,"verifiedUses":372,"image":"https://placeimg.com/640/640/tech","industry":"Trade","created":"2021-04-27"}');
INSERT INTO service(id,company_id,data) VALUES ('76e19fe1-5907-4d14-9a83-b3447e4c22be','1e325d92-38b2-420a-a79e-4504110e0959','{"name":"Creation of an advertising campaign","price":2487614,"verifiedUses":400,"image":"https://placeimg.com/640/640/tech","industry":"Music","created":"2020-03-24"}');
INSERT INTO service(id,company_id,data) VALUES ('26466a38-b3de-4c99-84bb-73b48900b288','1e325d92-38b2-420a-a79e-4504110e0959','{"name":"Customer experience","price":220796,"verifiedUses":391,"image":"https://placeimg.com/640/640/tech","industry":"Software","created":"2021-02-28"}');
INSERT INTO service(id,company_id,data) VALUES ('d635fc3c-f702-4ba7-ab65-a7908816203f','1e325d92-38b2-420a-a79e-4504110e0959','{"name":"Development and delivery of software","price":988282,"verifiedUses":159,"image":"https://placeimg.com/640/640/tech","industry":"Social","created":"2020-01-22"}');
INSERT INTO service(id,company_id,data) VALUES ('0899a447-d438-413a-9f8a-56faf8351324','95d3b063-8ab5-4abb-9887-4006db7a20a8','{"name":"Software provision","price":1978080,"verifiedUses":112,"image":"https://placeimg.com/640/640/tech","industry":"Health","created":"2019-05-31"}');
INSERT INTO service(id,company_id,data) VALUES ('60656b75-d2c9-4e9d-8e66-9e1a974861b9','95d3b063-8ab5-4abb-9887-4006db7a20a8','{"name":"Customer experience","price":1563074,"verifiedUses":86,"image":"https://placeimg.com/640/640/tech","industry":"Social","created":"2019-09-14"}');
INSERT INTO service(id,company_id,data) VALUES ('51bdd321-3ac4-4bdd-8fbc-5cdad7b9566a','e9f89daa-dd37-4595-a2ac-4bc4f6aaac88','{"name":"Development and delivery of software","price":1491308,"verifiedUses":78,"image":"https://placeimg.com/640/640/tech","industry":"Transport","created":"2019-01-14"}');
INSERT INTO service(id,company_id,data) VALUES ('5668a2aa-f606-485f-a165-4ced1eebe512','b7151133-a500-42e7-812c-419a0f7f0349','{"name":"Innovation culture","price":1035303,"verifiedUses":340,"image":"https://placeimg.com/640/640/tech","industry":"Trade","created":"2020-01-30"}');
INSERT INTO service(id,company_id,data) VALUES ('8e94090b-11da-4ed1-b431-df0329b7d6a8','95d3b063-8ab5-4abb-9887-4006db7a20a8','{"name":"Corporate innovation","price":2323457,"verifiedUses":400,"image":"https://placeimg.com/640/640/tech","industry":"Music","created":"2019-05-25"}');
INSERT INTO service(id,company_id,data) VALUES ('bca67250-5b34-47a8-ac0f-91f9b16f9f4f','765ca9e5-1bc0-4c94-abad-63e75ab3aa7c','{"name":"Strategy development","price":2127255,"verifiedUses":156,"image":"https://placeimg.com/640/640/tech","industry":"Music","created":"2020-01-01"}');
INSERT INTO service(id,company_id,data) VALUES ('785a9e25-4daa-46dd-b13e-27544ce9407a','728e5333-6f00-4de1-bf0f-1ace3374c47b','{"name":"Development and delivery of software","price":2611571,"verifiedUses":196,"image":"https://placeimg.com/640/640/tech","industry":"Transport","created":"2020-04-26"}');
INSERT INTO service(id,company_id,data) VALUES ('8379f17e-e265-4a28-b5c1-aad2f0bd7da3','b7151133-a500-42e7-812c-419a0f7f0349','{"name":"Strategy development","price":1980668,"verifiedUses":226,"image":"https://placeimg.com/640/640/tech","industry":"Software","created":"2021-06-12"}');
INSERT INTO service(id,company_id,data) VALUES ('96f96826-3245-498b-a331-5c25ddc6edfe','95d3b063-8ab5-4abb-9887-4006db7a20a8','{"name":"Development and delivery of software","price":804954,"verifiedUses":359,"image":"https://placeimg.com/640/640/tech","industry":"Beauty","created":"2019-02-25"}');
INSERT INTO service(id,company_id,data) VALUES ('94cdf58e-974c-4552-9145-8c7991687f53','1e325d92-38b2-420a-a79e-4504110e0959','{"name":"Online sales","price":1812547,"verifiedUses":197,"image":"https://placeimg.com/640/640/tech","industry":"Deisgn","created":"2020-08-20"}');
INSERT INTO service(id,company_id,data) VALUES ('b649fe66-15bf-43aa-b804-fbef8beb08ae','95d3b063-8ab5-4abb-9887-4006db7a20a8','{"name":"Innovation culture","price":1198826,"verifiedUses":78,"image":"https://placeimg.com/640/640/tech","industry":"Health","created":"2019-05-17"}');
INSERT INTO service(id,company_id,data) VALUES ('ddc0ac41-8e8e-4d82-be56-68676626ba50','e9f89daa-dd37-4595-a2ac-4bc4f6aaac88','{"name":"Creation of an advertising campaign","price":1380283,"verifiedUses":241,"image":"https://placeimg.com/640/640/tech","industry":"Internet","created":"2020-09-12"}');
INSERT INTO service(id,company_id,data) VALUES ('67cedc96-47a2-44ab-ba2f-899cfa943063','b7151133-a500-42e7-812c-419a0f7f0349','{"name":"Strategy development","price":607453,"verifiedUses":28,"image":"https://placeimg.com/640/640/tech","industry":"Beauty","created":"2020-04-17"}');
INSERT INTO service(id,company_id,data) VALUES ('0bac6cb0-050f-41ed-9937-8244f1945d67','974ae794-a929-434d-a939-b0fb49d8bf64','{"name":"Technology evalution","price":285234,"verifiedUses":192,"image":"https://placeimg.com/640/640/tech","industry":"Internet","created":"2020-08-04"}');
INSERT INTO service(id,company_id,data) VALUES ('eab207dd-8b9a-496b-96ef-e367469b6f29','974ae794-a929-434d-a939-b0fb49d8bf64','{"name":"Digital transformation","price":1647389,"verifiedUses":371,"image":"https://placeimg.com/640/640/tech","industry":"Software","created":"2020-11-22"}');
INSERT INTO service(id,company_id,data) VALUES ('08710e4b-e652-45f5-a78d-7220e144079e','e9f89daa-dd37-4595-a2ac-4bc4f6aaac88','{"name":"Advertising on Google services","price":936162,"verifiedUses":20,"image":"https://placeimg.com/640/640/tech","industry":"Software","created":"2019-01-31"}');
INSERT INTO service(id,company_id,data) VALUES ('5935b622-fe6b-436f-8a54-a155fc1b0b8e','95d3b063-8ab5-4abb-9887-4006db7a20a8','{"name":"Advertising on Google services","price":1790624,"verifiedUses":299,"image":"https://placeimg.com/640/640/tech","industry":"Social","created":"2020-11-08"}');
INSERT INTO service(id,company_id,data) VALUES ('22c844f1-f1b6-4116-8a31-4e465e888135','e9f89daa-dd37-4595-a2ac-4bc4f6aaac88','{"name":"Online sales","price":1019378,"verifiedUses":351,"image":"https://placeimg.com/640/640/tech","industry":"Transport","created":"2020-09-01"}');
INSERT INTO service(id,company_id,data) VALUES ('b6216f1e-4852-4076-8005-d92b73dca6ce','1e325d92-38b2-420a-a79e-4504110e0959','{"name":"Customer experience","price":2967408,"verifiedUses":80,"image":"https://placeimg.com/640/640/tech","industry":"Music","created":"2020-01-14"}');
INSERT INTO service(id,company_id,data) VALUES ('184ccbaf-ad5e-4b32-9312-29a03795bf19','1e325d92-38b2-420a-a79e-4504110e0959','{"name":"Creation of an advertising campaign","price":144628,"verifiedUses":216,"image":"https://placeimg.com/640/640/tech","industry":"Deisgn","created":"2019-05-21"}');
INSERT INTO service(id,company_id,data) VALUES ('da9451f8-0686-4225-8e70-08d40ded12d0','e9f89daa-dd37-4595-a2ac-4bc4f6aaac88','{"name":"Advertising on Google services","price":2851065,"verifiedUses":87,"image":"https://placeimg.com/640/640/tech","industry":"Beauty","created":"2021-09-07"}');
INSERT INTO service(id,company_id,data) VALUES ('d7d93697-5c9f-4818-9209-4a0370d0475a','1e325d92-38b2-420a-a79e-4504110e0959','{"name":"Digital transformation","price":1984514,"verifiedUses":344,"image":"https://placeimg.com/640/640/tech","industry":"Trade","created":"2019-08-25"}');
INSERT INTO service(id,company_id,data) VALUES ('f5b58876-9a94-43b4-97e3-e565e59fdde5','765ca9e5-1bc0-4c94-abad-63e75ab3aa7c','{"name":"Advertising on Google services","price":2609681,"verifiedUses":291,"image":"https://placeimg.com/640/640/tech","industry":"Trade","created":"2021-06-05"}');
INSERT INTO service(id,company_id,data) VALUES ('4c227826-85c5-4ed0-bf3f-0578fae41dfd','b7151133-a500-42e7-812c-419a0f7f0349','{"name":"Technology evalution","price":1946619,"verifiedUses":150,"image":"https://placeimg.com/640/640/tech","industry":"Hardware","created":"2020-04-07"}');
INSERT INTO service(id,company_id,data) VALUES ('c1793980-3a0d-442f-9aa0-d152019a83e2','95d3b063-8ab5-4abb-9887-4006db7a20a8','{"name":"Software provision","price":2240290,"verifiedUses":283,"image":"https://placeimg.com/640/640/tech","industry":"Internet","created":"2019-02-18"}');
INSERT INTO service(id,company_id,data) VALUES ('1d69e6ba-1ec0-4bc5-9954-50c96c49b35b','765ca9e5-1bc0-4c94-abad-63e75ab3aa7c','{"name":"Technology evalution","price":1814078,"verifiedUses":253,"image":"https://placeimg.com/640/640/tech","industry":"Trade","created":"2019-01-05"}');
INSERT INTO service(id,company_id,data) VALUES ('d11bfe36-8920-4843-8b6f-a9bd55413a62','1e325d92-38b2-420a-a79e-4504110e0959','{"name":"Strategy development","price":272570,"verifiedUses":268,"image":"https://placeimg.com/640/640/tech","industry":"Internet","created":"2020-05-19"}');
INSERT INTO service(id,company_id,data) VALUES ('bfbc7434-032c-4425-9ae3-4fc497e90fdb','1e325d92-38b2-420a-a79e-4504110e0959','{"name":"Strategy development","price":1353527,"verifiedUses":56,"image":"https://placeimg.com/640/640/tech","industry":"Music","created":"2021-07-13"}');
INSERT INTO service(id,company_id,data) VALUES ('8662cbb5-3e1d-4c8f-a05e-6ffc7c99485f','e9f89daa-dd37-4595-a2ac-4bc4f6aaac88','{"name":"Creation of an advertising campaign","price":1681494,"verifiedUses":58,"image":"https://placeimg.com/640/640/tech","industry":"Internet","created":"2019-01-11"}');
INSERT INTO service(id,company_id,data) VALUES ('722c01c2-af92-4fca-8789-98a99a75fae8','95d3b063-8ab5-4abb-9887-4006db7a20a8','{"name":"Creation of an advertising campaign","price":2421843,"verifiedUses":26,"image":"https://placeimg.com/640/640/tech","industry":"Beauty","created":"2020-07-09"}');
INSERT INTO service(id,company_id,data) VALUES ('cfebbfdf-10b4-4108-a60c-54fa912f61d1','95d3b063-8ab5-4abb-9887-4006db7a20a8','{"name":"Advertising on Google services","price":1416546,"verifiedUses":168,"image":"https://placeimg.com/640/640/tech","industry":"Social","created":"2020-09-27"}');
INSERT INTO service(id,company_id,data) VALUES ('31b6221a-0ed5-43dd-a002-05fac4825b7b','95d3b063-8ab5-4abb-9887-4006db7a20a8','{"name":"Creation of an advertising campaign","price":1876437,"verifiedUses":251,"image":"https://placeimg.com/640/640/tech","industry":"Transport","created":"2019-08-27"}');
INSERT INTO service(id,company_id,data) VALUES ('17b49923-0be0-4af7-9ffe-9f2341b41752','b7151133-a500-42e7-812c-419a0f7f0349','{"name":"Technology evalution","price":1999203,"verifiedUses":41,"image":"https://placeimg.com/640/640/tech","industry":"Software","created":"2019-09-28"}');
INSERT INTO service(id,company_id,data) VALUES ('59597671-27ed-47be-901b-bc96ee7328f4','974ae794-a929-434d-a939-b0fb49d8bf64','{"name":"Online sales","price":1332121,"verifiedUses":362,"image":"https://placeimg.com/640/640/tech","industry":"Health","created":"2021-08-27"}');
INSERT INTO service(id,company_id,data) VALUES ('d4c822dc-f12e-47c5-b57c-68d65e0fc47b','b7151133-a500-42e7-812c-419a0f7f0349','{"name":"Executive Education","price":2272929,"verifiedUses":6,"image":"https://placeimg.com/640/640/tech","industry":"Deisgn","created":"2019-08-19"}');
INSERT INTO service(id,company_id,data) VALUES ('cc0d0753-746b-47b0-a4d1-a8c73261b3f3','728e5333-6f00-4de1-bf0f-1ace3374c47b','{"name":"Customer experience","price":2448929,"verifiedUses":326,"image":"https://placeimg.com/640/640/tech","industry":"Beauty","created":"2019-07-18"}');
INSERT INTO service(id,company_id,data) VALUES ('78797601-f01a-4c23-87a0-c60e63939ca4','974ae794-a929-434d-a939-b0fb49d8bf64','{"name":"Online sales","price":1208874,"verifiedUses":289,"image":"https://placeimg.com/640/640/tech","industry":"Beauty","created":"2021-07-30"}');
INSERT INTO service(id,company_id,data) VALUES ('45ddee4f-dd9a-455b-bccf-4607be2e5d70','1e325d92-38b2-420a-a79e-4504110e0959','{"name":"Innovation culture","price":2690244,"verifiedUses":331,"image":"https://placeimg.com/640/640/tech","industry":"Deisgn","created":"2020-02-03"}');
INSERT INTO service(id,company_id,data) VALUES ('6d399538-662b-46ed-b97c-13760c97d7ba','974ae794-a929-434d-a939-b0fb49d8bf64','{"name":"Digital transformation","price":1277672,"verifiedUses":200,"image":"https://placeimg.com/640/640/tech","industry":"Deisgn","created":"2020-12-14"}');
INSERT INTO service(id,company_id,data) VALUES ('42c6c47e-f45e-4891-922c-b791760f0ff6','b7151133-a500-42e7-812c-419a0f7f0349','{"name":"Advertising on Google services","price":463156,"verifiedUses":67,"image":"https://placeimg.com/640/640/tech","industry":"Hardware","created":"2020-03-11"}');
INSERT INTO service(id,company_id,data) VALUES ('3fb8d629-6fd5-4e7f-8eb6-e37e53521eb1','1e325d92-38b2-420a-a79e-4504110e0959','{"name":"Strategy development","price":1067057,"verifiedUses":247,"image":"https://placeimg.com/640/640/tech","industry":"Deisgn","created":"2020-04-29"}');
INSERT INTO service(id,company_id,data) VALUES ('155dd5bd-f078-4600-bfc0-0ef1e9d841a7','e9f89daa-dd37-4595-a2ac-4bc4f6aaac88','{"name":"Corporate innovation","price":907831,"verifiedUses":244,"image":"https://placeimg.com/640/640/tech","industry":"Hardware","created":"2021-05-17"}');
INSERT INTO service(id,company_id,data) VALUES ('4bd1cbb3-ecee-46f0-b396-522be1869191','e9f89daa-dd37-4595-a2ac-4bc4f6aaac88','{"name":"Digital transformation","price":852199,"verifiedUses":236,"image":"https://placeimg.com/640/640/tech","industry":"Music","created":"2020-11-10"}');
INSERT INTO service(id,company_id,data) VALUES ('ded3dd41-3e12-4cf3-855d-0d604c9d1698','b7151133-a500-42e7-812c-419a0f7f0349','{"name":"Technology evalution","price":888961,"verifiedUses":255,"image":"https://placeimg.com/640/640/tech","industry":"Trade","created":"2020-06-23"}');
INSERT INTO service(id,company_id,data) VALUES ('225e5794-c112-453e-bb45-e905a99fe7bf','b7151133-a500-42e7-812c-419a0f7f0349','{"name":"Customer experience","price":2621139,"verifiedUses":43,"image":"https://placeimg.com/640/640/tech","industry":"Health","created":"2020-02-19"}');
INSERT INTO service(id,company_id,data) VALUES ('155f74a9-dbca-4874-8df4-bcbac1a8d581','765ca9e5-1bc0-4c94-abad-63e75ab3aa7c','{"name":"Customer experience","price":121458,"verifiedUses":161,"image":"https://placeimg.com/640/640/tech","industry":"Beauty","created":"2021-05-16"}');
INSERT INTO service(id,company_id,data) VALUES ('670abd67-498b-4837-8238-20d26ba80b98','b7151133-a500-42e7-812c-419a0f7f0349','{"name":"Digital transformation","price":2580911,"verifiedUses":188,"image":"https://placeimg.com/640/640/tech","industry":"Health","created":"2020-04-04"}');
INSERT INTO service(id,company_id,data) VALUES ('20247dc2-0b0f-466d-a46e-9211b1d26852','95d3b063-8ab5-4abb-9887-4006db7a20a8','{"name":"Technology evalution","price":1061189,"verifiedUses":62,"image":"https://placeimg.com/640/640/tech","industry":"Deisgn","created":"2019-01-09"}');
INSERT INTO service(id,company_id,data) VALUES ('3695116d-5b30-4ed4-a823-7a8a37366baa','1e325d92-38b2-420a-a79e-4504110e0959','{"name":"Development and delivery of software","price":2074324,"verifiedUses":139,"image":"https://placeimg.com/640/640/tech","industry":"Transport","created":"2020-03-29"}');
INSERT INTO service(id,company_id,data) VALUES ('15372bc2-c777-4c2d-9739-037c85ba225b','b7151133-a500-42e7-812c-419a0f7f0349','{"name":"Digital transformation","price":2783096,"verifiedUses":394,"image":"https://placeimg.com/640/640/tech","industry":"Hardware","created":"2019-12-20"}');
INSERT INTO service(id,company_id,data) VALUES ('b0ec5ce5-fcbd-455d-a674-cd3a2d013a93','e9f89daa-dd37-4595-a2ac-4bc4f6aaac88','{"name":"Digital transformation","price":472304,"verifiedUses":159,"image":"https://placeimg.com/640/640/tech","industry":"Music","created":"2019-11-05"}');
INSERT INTO service(id,company_id,data) VALUES ('511a1e03-5b37-4878-aeed-d4befcbfb436','1e325d92-38b2-420a-a79e-4504110e0959','{"name":"Corporate innovation","price":2987205,"verifiedUses":271,"image":"https://placeimg.com/640/640/tech","industry":"Trade","created":"2021-02-05"}');
INSERT INTO service(id,company_id,data) VALUES ('0cae3334-cf62-4cfe-8ac6-7ee5e8220661','1e325d92-38b2-420a-a79e-4504110e0959','{"name":"Technology evalution","price":711483,"verifiedUses":48,"image":"https://placeimg.com/640/640/tech","industry":"Internet","created":"2019-06-03"}');
INSERT INTO service(id,company_id,data) VALUES ('458d1fc8-630e-4db4-bb74-e203962cc5dc','974ae794-a929-434d-a939-b0fb49d8bf64','{"name":"Innovation culture","price":815152,"verifiedUses":53,"image":"https://placeimg.com/640/640/tech","industry":"Health","created":"2021-04-04"}');
INSERT INTO service(id,company_id,data) VALUES ('f0d08ffc-4d97-4eb8-b26f-c60ba088200d','1e325d92-38b2-420a-a79e-4504110e0959','{"name":"Advertising on Google services","price":1147310,"verifiedUses":108,"image":"https://placeimg.com/640/640/tech","industry":"Software","created":"2020-06-14"}');
INSERT INTO service(id,company_id,data) VALUES ('429a6f99-b4a3-4067-9312-a583d2f8cafa','95d3b063-8ab5-4abb-9887-4006db7a20a8','{"name":"Software provision","price":1141339,"verifiedUses":262,"image":"https://placeimg.com/640/640/tech","industry":"Social","created":"2021-09-02"}');
INSERT INTO service(id,company_id,data) VALUES ('82579be1-94bf-4517-822f-1006884a5ef7','95d3b063-8ab5-4abb-9887-4006db7a20a8','{"name":"Creation of an advertising campaign","price":1968969,"verifiedUses":247,"image":"https://placeimg.com/640/640/tech","industry":"Software","created":"2019-09-19"}');
INSERT INTO service(id,company_id,data) VALUES ('7e5eeaf2-2f5b-41bc-b655-cfaf15024c2e','e9f89daa-dd37-4595-a2ac-4bc4f6aaac88','{"name":"Advertising on Google services","price":477014,"verifiedUses":213,"image":"https://placeimg.com/640/640/tech","industry":"Internet","created":"2020-01-25"}');
INSERT INTO service(id,company_id,data) VALUES ('78b5144b-24ba-4564-a8ac-bd043ee1add6','1e325d92-38b2-420a-a79e-4504110e0959','{"name":"Digital transformation","price":2469120,"verifiedUses":375,"image":"https://placeimg.com/640/640/tech","industry":"Hardware","created":"2019-02-22"}');
INSERT INTO service(id,company_id,data) VALUES ('4992f90c-e94c-40e3-a1c6-c98a30f7117d','b7151133-a500-42e7-812c-419a0f7f0349','{"name":"Advertising on Google services","price":1052834,"verifiedUses":235,"image":"https://placeimg.com/640/640/tech","industry":"Hardware","created":"2020-02-08"}');

INSERT INTO user(id,company_id,data) VALUES ('c52a035e-f000-4d4a-9011-757287411028','974ae794-a929-434d-a939-b0fb49d8bf64','{"firstName":"Smith","lastName":"Thomas","jobPosition":"Android developer","image":"https://placeimg.com/148/148/people","slug":"smith-thomas-c52a035e","created":"2020-07-01"}');
INSERT INTO user(id,company_id,data) VALUES ('2b0c8782-be74-4ee0-a81f-ffbb3efccba5','95d3b063-8ab5-4abb-9887-4006db7a20a8','{"firstName":"Lucas","lastName":"Dawn","jobPosition":"Content maker","image":"https://placeimg.com/148/148/people","slug":"lucas-dawn-2b0c8782","created":"2020-10-04"}');
INSERT INTO user(id,company_id,data) VALUES ('1ceb6940-af41-4eff-aacf-c37c49bc5898','728e5333-6f00-4de1-bf0f-1ace3374c47b','{"firstName":"Burton","lastName":"Jeffrey","jobPosition":"Android developer","image":"https://placeimg.com/148/148/people","slug":"burton-jeffrey-1ceb6940","created":"2020-01-19"}');
INSERT INTO user(id,company_id,data) VALUES ('7d65769d-7bb6-405b-8666-952e22a4def8','1e325d92-38b2-420a-a79e-4504110e0959','{"firstName":"Evans","lastName":"Jeffrey","jobPosition":"Android developer","image":"https://placeimg.com/148/148/people","slug":"evans-jeffrey-7d65769d","created":"2020-12-01"}');
INSERT INTO user(id,company_id,data) VALUES ('e944a639-a080-4893-91f8-dbb69847884d','95d3b063-8ab5-4abb-9887-4006db7a20a8','{"firstName":"Smith","lastName":"Thomas","jobPosition":"Software developer","image":"https://placeimg.com/148/148/people","slug":"smith-thomas-e944a639","created":"2020-01-19 14:21:12"}');
INSERT INTO user(id,company_id,data) VALUES ('9669caba-55ea-4d85-ae43-f5c20dcc7563','765ca9e5-1bc0-4c94-abad-63e75ab3aa7c','{"firstName":"Smith","lastName":"Cynthia","jobPosition":"Web developer","image":"https://placeimg.com/148/148/people","slug":"smith-cynthia-9669caba","created":"2020-06-04 12:42:02"}');
INSERT INTO user(id,company_id,data) VALUES ('c0f759d5-4054-4e6b-87b3-784abc78e0a0','95d3b063-8ab5-4abb-9887-4006db7a20a8','{"firstName":"Williams","lastName":"Lucy","jobPosition":"Hardware developer","image":"https://placeimg.com/148/148/people","slug":"williams-lucy-c0f759d5","created":"2020-11-08 16:15:16"}');
INSERT INTO user(id,company_id,data) VALUES ('e3ae2060-dce2-4ff3-a142-87a23abc9db5','95d3b063-8ab5-4abb-9887-4006db7a20a8','{"firstName":"Evans","lastName":"Jeffrey","jobPosition":"UX UI designer","image":"https://placeimg.com/148/148/people","slug":"evans-jeffrey-e3ae2060","created":"2020-02-27 09:06:26"}');
INSERT INTO user(id,company_id,data) VALUES ('8cdbdaca-4862-4120-abb4-5601b3433242','e9f89daa-dd37-4595-a2ac-4bc4f6aaac88','{"firstName":"Miller","lastName":"Lucy","jobPosition":"Regional finance manager","image":"https://placeimg.com/148/148/people","slug":"miller-lucy-8cdbdaca","created":"2020-01-01 10:51:49"}');
INSERT INTO user(id,company_id,data) VALUES ('6ed0545f-1a36-4e85-ade1-85274e578f31','728e5333-6f00-4de1-bf0f-1ace3374c47b','{"firstName":"Burton","lastName":"Jeffrey","jobPosition":"Software developer","image":"https://placeimg.com/148/148/people","slug":"burton-jeffrey-6ed0545f","created":"2020-03-10 16:46:30"}');
INSERT INTO user(id,company_id,data) VALUES ('b34f23cd-fcbb-45e2-855b-12cb96063e25','728e5333-6f00-4de1-bf0f-1ace3374c47b','{"firstName":"Burton","lastName":"Dawn","jobPosition":"Web developer","image":"https://placeimg.com/148/148/people","slug":"burton-dawn-b34f23cd","created":"2020-11-03 05:56:07"}');
INSERT INTO user(id,company_id,data) VALUES ('a4a233ff-a018-4976-9031-9cca9bb26d2c','e9f89daa-dd37-4595-a2ac-4bc4f6aaac88','{"firstName":"Kennedy","lastName":"Lucy","jobPosition":"Manager","image":"https://placeimg.com/148/148/people","slug":"kennedy-lucy-a4a233ff","created":"2020-02-09 12:01:39"}');
INSERT INTO user(id,company_id,data) VALUES ('ff3d43b8-a200-4e55-b430-72d6e3b834a3','95d3b063-8ab5-4abb-9887-4006db7a20a8','{"firstName":"Nelson","lastName":"Thomas","jobPosition":"Product Manager","image":"https://placeimg.com/148/148/people","slug":"nelson-thomas-ff3d43b8","created":"2020-10-17 18:19:45"}');
INSERT INTO user(id,company_id,data) VALUES ('761eb8bf-c268-4b6e-b529-44218e3a9cf2','e9f89daa-dd37-4595-a2ac-4bc4f6aaac88','{"firstName":"Jones","lastName":"Thomas","jobPosition":"Content maker","image":"https://placeimg.com/148/148/people","slug":"jones-thomas-761eb8bf","created":"2020-01-07 12:27:04"}');
INSERT INTO user(id,company_id,data) VALUES ('2a5e543a-7536-4111-a734-cf3fde30b0b2','765ca9e5-1bc0-4c94-abad-63e75ab3aa7c','{"firstName":"Kennedy","lastName":"Dawn","jobPosition":"IOS developer","image":"https://placeimg.com/148/148/people","slug":"kennedy-dawn-2a5e543a","created":"2020-09-05 04:16:34"}');
INSERT INTO user(id,company_id,data) VALUES ('94e44570-714a-4b3e-8a62-29ac950993e2','95d3b063-8ab5-4abb-9887-4006db7a20a8','{"firstName":"Lucas","lastName":"Ann","jobPosition":"Web developer","image":"https://placeimg.com/148/148/people","slug":"lucas-ann-94e44570","created":"2020-03-12 15:41:27"}');
INSERT INTO user(id,company_id,data) VALUES ('bc535995-b36f-4364-8bea-edf038cfc0a2','e9f89daa-dd37-4595-a2ac-4bc4f6aaac88','{"firstName":"Jones","lastName":"Lucy","jobPosition":"Software developer","image":"https://placeimg.com/148/148/people","slug":"jones-lucy-bc535995","created":"2020-07-23 03:26:09"}');
INSERT INTO user(id,company_id,data) VALUES ('dc10de26-f834-4524-be82-283276fc2564','728e5333-6f00-4de1-bf0f-1ace3374c47b','{"firstName":"Nelson","lastName":"Lucy","jobPosition":"Web developer","image":"https://placeimg.com/148/148/people","slug":"nelson-lucy-dc10de26","created":"2020-06-19 18:47:15"}');
INSERT INTO user(id,company_id,data) VALUES ('a97eeb18-517d-4d22-b31b-012f5edfe9a5','95d3b063-8ab5-4abb-9887-4006db7a20a8','{"firstName":"Lucas","lastName":"Ann","jobPosition":"Content maker","image":"https://placeimg.com/148/148/people","slug":"lucas-ann-a97eeb18","created":"2020-12-12 08:03:15"}');
INSERT INTO user(id,company_id,data) VALUES ('1d46336e-d4fc-451a-b261-6572a15ba8c9','95d3b063-8ab5-4abb-9887-4006db7a20a8','{"firstName":"Evans","lastName":"Thomas","jobPosition":"UX UI designer","image":"https://placeimg.com/148/148/people","slug":"evans-thomas-1d46336e","created":"2020-03-01 01:20:04"}');
INSERT INTO user(id,company_id,data) VALUES ('427d3cc9-74b7-43b3-9b01-7e75218314b0','e9f89daa-dd37-4595-a2ac-4bc4f6aaac88','{"firstName":"Lucas","lastName":"Joan","jobPosition":"Web developer","image":"https://placeimg.com/148/148/people","slug":"lucas-joan-427d3cc9","created":"2020-09-16 14:22:26"}');
INSERT INTO user(id,company_id,data) VALUES ('cbfc7652-54e3-45c0-8a35-c1cad9b2be9a','765ca9e5-1bc0-4c94-abad-63e75ab3aa7c','{"firstName":"Burton","lastName":"Lauren","jobPosition":"Manager","image":"https://placeimg.com/148/148/people","slug":"burton-lauren-cbfc7652","created":"2020-04-04 01:37:58"}');
INSERT INTO user(id,company_id,data) VALUES ('8b6a23ff-1beb-491c-8d58-b25594fe2f06','728e5333-6f00-4de1-bf0f-1ace3374c47b','{"firstName":"Miller","lastName":"Ann","jobPosition":"Manager","image":"https://placeimg.com/148/148/people","slug":"miller-ann-8b6a23ff","created":"2020-05-19 09:29:21"}');
INSERT INTO user(id,company_id,data) VALUES ('b896b2ee-19cb-4fef-ae75-9e723fbeff9b','974ae794-a929-434d-a939-b0fb49d8bf64','{"firstName":"Burton","lastName":"Joan","jobPosition":"Product Manager","image":"https://placeimg.com/148/148/people","slug":"burton-joan-b896b2ee","created":"2020-12-09 16:09:45"}');
INSERT INTO user(id,company_id,data) VALUES ('f1ca2b06-1806-4da6-a4d2-de9b0a8c7729','974ae794-a929-434d-a939-b0fb49d8bf64','{"firstName":"Williams","lastName":"Thomas","jobPosition":"Software developer","image":"https://placeimg.com/148/148/people","slug":"williams-thomas-f1ca2b06","created":"2020-09-07 00:38:31"}');
INSERT INTO user(id,company_id,data) VALUES ('d6aada4b-ab01-449a-8eef-69caa85e00ec','95d3b063-8ab5-4abb-9887-4006db7a20a8','{"firstName":"Nelson","lastName":"Joan","jobPosition":"Content maker","image":"https://placeimg.com/148/148/people","slug":"nelson-joan-d6aada4b","created":"2020-10-14 21:11:09"}');
INSERT INTO user(id,company_id,data) VALUES ('3c97b4a7-8e47-468c-82e5-c309be63c483','728e5333-6f00-4de1-bf0f-1ace3374c47b','{"firstName":"Lynch","lastName":"Cynthia","jobPosition":"Software developer","image":"https://placeimg.com/148/148/people","slug":"lynch-cynthia-3c97b4a7","created":"2020-11-30 06:04:44"}');
INSERT INTO user(id,company_id,data) VALUES ('2fbc1eee-2c1d-4a47-8298-a8d47f3a7c53','728e5333-6f00-4de1-bf0f-1ace3374c47b','{"firstName":"Burton","lastName":"Lauren","jobPosition":"Regional finance manager","image":"https://placeimg.com/148/148/people","slug":"burton-lauren-2fbc1eee","created":"2020-01-16 18:48:08"}');
INSERT INTO user(id,company_id,data) VALUES ('d9c40596-a8f2-4128-807b-416bed23623f','765ca9e5-1bc0-4c94-abad-63e75ab3aa7c','{"firstName":"Kennedy","lastName":"Thomas","jobPosition":"Content maker","image":"https://placeimg.com/148/148/people","slug":"kennedy-thomas-d9c40596","created":"2020-08-26 22:59:11"}');
INSERT INTO user(id,company_id,data) VALUES ('c6c7ac2c-b30d-4396-8c31-301c1d73ab7c','728e5333-6f00-4de1-bf0f-1ace3374c47b','{"firstName":"Lucas","lastName":"Lauren","jobPosition":"Web developer","image":"https://placeimg.com/148/148/people","slug":"lucas-lauren-c6c7ac2c","created":"2020-04-27 10:56:38"}');
INSERT INTO user(id,company_id,data) VALUES ('8bc5766b-f29f-424a-a043-23021927ddd3','95d3b063-8ab5-4abb-9887-4006db7a20a8','{"firstName":"Miller","lastName":"Lucy","jobPosition":"Regional finance manager","image":"https://placeimg.com/148/148/people","slug":"miller-lucy-8bc5766b","created":"2020-01-07 09:55:28"}');
INSERT INTO user(id,company_id,data) VALUES ('b66e1eb2-9a83-40ec-b7c5-c9176f292455','95d3b063-8ab5-4abb-9887-4006db7a20a8','{"firstName":"Lucas","lastName":"Ann","jobPosition":"Software developer","image":"https://placeimg.com/148/148/people","slug":"lucas-ann-b66e1eb2","created":"2020-12-02 14:22:04"}');
INSERT INTO user(id,company_id,data) VALUES ('f1a4a210-1b61-4ca9-83a2-aa3c2a9e2b04','e9f89daa-dd37-4595-a2ac-4bc4f6aaac88','{"firstName":"Smith","lastName":"Cynthia","jobPosition":"IOS developer","image":"https://placeimg.com/148/148/people","slug":"smith-cynthia-f1a4a210","created":"2020-07-05 21:54:16"}');
INSERT INTO user(id,company_id,data) VALUES ('d6ff3803-8b25-4483-b3be-4bb81e7057e0','728e5333-6f00-4de1-bf0f-1ace3374c47b','{"firstName":"Burton","lastName":"Scott","jobPosition":"Android developer","image":"https://placeimg.com/148/148/people","slug":"burton-scott-d6ff3803","created":"2020-07-09 23:43:53"}');
INSERT INTO user(id,company_id,data) VALUES ('400554d8-effe-4b5f-93bc-f6c19082973d','765ca9e5-1bc0-4c94-abad-63e75ab3aa7c','{"firstName":"Lynch","lastName":"Lauren","jobPosition":"UX UI designer","image":"https://placeimg.com/148/148/people","slug":"lynch-lauren-400554d8","created":"2020-10-02 06:50:29"}');
INSERT INTO user(id,company_id,data) VALUES ('df42b42d-0df1-480d-886e-63d2f337c030','e9f89daa-dd37-4595-a2ac-4bc4f6aaac88','{"firstName":"Williams","lastName":"Scott","jobPosition":"Software developer","image":"https://placeimg.com/148/148/people","slug":"williams-scott-df42b42d","created":"2020-10-22 01:20:51"}');
INSERT INTO user(id,company_id,data) VALUES ('b9f2a0d5-abff-44ff-8ec5-61bcffd4821e','1e325d92-38b2-420a-a79e-4504110e0959','{"firstName":"Evans","lastName":"Joan","jobPosition":"UX UI designer","image":"https://placeimg.com/148/148/people","slug":"evans-joan-b9f2a0d5","created":"2020-03-01 08:55:16"}');
INSERT INTO user(id,company_id,data) VALUES ('6eb3a0a4-9e87-4830-8e37-73d3d77f5eae','765ca9e5-1bc0-4c94-abad-63e75ab3aa7c','{"firstName":"Evans","lastName":"Lauren","jobPosition":"Android developer","image":"https://placeimg.com/148/148/people","slug":"evans-lauren-6eb3a0a4","created":"2020-05-29 01:33:44"}');
INSERT INTO user(id,company_id,data) VALUES ('01a443bb-cefa-4897-8bd2-bef80b4bb8da','95d3b063-8ab5-4abb-9887-4006db7a20a8','{"firstName":"Nelson","lastName":"Dawn","jobPosition":"Regional finance manager","image":"https://placeimg.com/148/148/people","slug":"nelson-dawn-01a443bb","created":"2020-02-11 11:17:52"}');
INSERT INTO user(id,company_id,data) VALUES ('eaae6788-d67b-4825-bbe0-981a83401f4c','728e5333-6f00-4de1-bf0f-1ace3374c47b','{"firstName":"Jones","lastName":"Cynthia","jobPosition":"Product Manager","image":"https://placeimg.com/148/148/people","slug":"jones-cynthia-eaae6788","created":"2020-12-12 14:09:11"}');
INSERT INTO user(id,company_id,data) VALUES ('b32187aa-9def-4e7f-9b3c-1d06292e5f4e','974ae794-a929-434d-a939-b0fb49d8bf64','{"firstName":"Miller","lastName":"Cynthia","jobPosition":"Software developer","image":"https://placeimg.com/148/148/people","slug":"miller-cynthia-b32187aa","created":"2020-02-01 13:32:51"}');
INSERT INTO user(id,company_id,data) VALUES ('83051ab3-b618-45e8-a55a-a8d29f13e7ab','e9f89daa-dd37-4595-a2ac-4bc4f6aaac88','{"firstName":"Nelson","lastName":"Dawn","jobPosition":"Manager","image":"https://placeimg.com/148/148/people","slug":"nelson-dawn-83051ab3","created":"2020-08-15 06:29:32"}');
INSERT INTO user(id,company_id,data) VALUES ('193ac0cd-5d20-426c-9e47-7f4cb621f623','e9f89daa-dd37-4595-a2ac-4bc4f6aaac88','{"firstName":"Williams","lastName":"Joan","jobPosition":"Hardware developer","image":"https://placeimg.com/148/148/people","slug":"williams-joan-193ac0cd","created":"2020-03-26 13:01:03"}');
INSERT INTO user(id,company_id,data) VALUES ('af268a9d-79d5-411e-8158-9adc728311bb','95d3b063-8ab5-4abb-9887-4006db7a20a8','{"firstName":"Jones","lastName":"Dawn","jobPosition":"Regional finance manager","image":"https://placeimg.com/148/148/people","slug":"jones-dawn-af268a9d","created":"2020-01-15 22:10:57"}');
INSERT INTO user(id,company_id,data) VALUES ('4bd9b51d-6505-4985-826e-e8e0630a6016','1e325d92-38b2-420a-a79e-4504110e0959','{"firstName":"Burton","lastName":"Scott","jobPosition":"Regional finance manager","image":"https://placeimg.com/148/148/people","slug":"burton-scott-4bd9b51d","created":"2020-01-13 10:12:48"}');
INSERT INTO user(id,company_id,data) VALUES ('569a45fe-6f92-4909-a04e-d96a456be7c9','e9f89daa-dd37-4595-a2ac-4bc4f6aaac88','{"firstName":"Kennedy","lastName":"Jeffrey","jobPosition":"UX UI designer","image":"https://placeimg.com/148/148/people","slug":"kennedy-jeffrey-569a45fe","created":"2020-02-21 05:34:08"}');
INSERT INTO user(id,company_id,data) VALUES ('9f3c573c-b457-4bda-ad6f-66241c0151fc','e9f89daa-dd37-4595-a2ac-4bc4f6aaac88','{"firstName":"Evans","lastName":"Ann","jobPosition":"Regional finance manager","image":"https://placeimg.com/148/148/people","slug":"evans-ann-9f3c573c","created":"2020-03-09 07:00:44"}');
INSERT INTO user(id,company_id,data) VALUES ('63a0fd13-b0c1-4b1e-af3b-dfe653daecd7','974ae794-a929-434d-a939-b0fb49d8bf64','{"firstName":"Nelson","lastName":"Lauren","jobPosition":"Regional finance manager","image":"https://placeimg.com/148/148/people","slug":"nelson-lauren-63a0fd13","created":"2020-12-09 02:35:07"}');
INSERT INTO user(id,company_id,data) VALUES ('22e678ce-0a63-4748-a6d3-6268279049a7','1e325d92-38b2-420a-a79e-4504110e0959','{"firstName":"Lucas","lastName":"Dawn","jobPosition":"Product Manager","image":"https://placeimg.com/148/148/people","slug":"lucas-dawn-22e678ce","created":"2020-04-18 21:32:46"}');
INSERT INTO user(id,company_id,data) VALUES ('aa394639-ddec-4a61-8f34-22fa2a6beb0d','e9f89daa-dd37-4595-a2ac-4bc4f6aaac88','{"firstName":"Lynch","lastName":"Ann","jobPosition":"Software developer","image":"https://placeimg.com/148/148/people","slug":"lynch-ann-aa394639","created":"2020-05-19 23:18:39"}');
INSERT INTO user(id,company_id,data) VALUES ('af1de9bd-89f6-4ce0-8563-43979e784b37','95d3b063-8ab5-4abb-9887-4006db7a20a8','{"firstName":"Burton","lastName":"Thomas","jobPosition":"Manager","image":"https://placeimg.com/148/148/people","slug":"burton-thomas-af1de9bd","created":"2020-02-12 16:28:00"}');
INSERT INTO user(id,company_id,data) VALUES ('bb119902-8c86-4aaa-8145-c96bcb4363f6','1e325d92-38b2-420a-a79e-4504110e0959','{"firstName":"Lynch","lastName":"Dawn","jobPosition":"IOS developer","image":"https://placeimg.com/148/148/people","slug":"lynch-dawn-bb119902","created":"2020-11-15 00:38:28"}');
INSERT INTO user(id,company_id,data) VALUES ('7f9a9889-c183-46aa-a45f-4201d31f9c8a','e9f89daa-dd37-4595-a2ac-4bc4f6aaac88','{"firstName":"Evans","lastName":"Lauren","jobPosition":"Hardware developer","image":"https://placeimg.com/148/148/people","slug":"evans-lauren-7f9a9889","created":"2020-01-07 23:07:25"}');
INSERT INTO user(id,company_id,data) VALUES ('09f3ba33-b04d-43db-9254-23457c7c934b','95d3b063-8ab5-4abb-9887-4006db7a20a8','{"firstName":"Williams","lastName":"Lucy","jobPosition":"Product Manager","image":"https://placeimg.com/148/148/people","slug":"williams-lucy-09f3ba33","created":"2020-05-08 09:43:30"}');
INSERT INTO user(id,company_id,data) VALUES ('2c520eca-f8fa-485d-a66b-7b1b3a06c37e','95d3b063-8ab5-4abb-9887-4006db7a20a8','{"firstName":"Lynch","lastName":"Ann","jobPosition":"Regional finance manager","image":"https://placeimg.com/148/148/people","slug":"lynch-ann-2c520eca","created":"2020-07-01 12:02:37"}');
INSERT INTO user(id,company_id,data) VALUES ('4da3507e-364f-4f56-8ada-5341bf5ab8f7','1e325d92-38b2-420a-a79e-4504110e0959','{"firstName":"Miller","lastName":"Jeffrey","jobPosition":"Software developer","image":"https://placeimg.com/148/148/people","slug":"miller-jeffrey-4da3507e","created":"2020-10-04 18:16:56"}');
INSERT INTO user(id,company_id,data) VALUES ('86371678-15e2-4ad2-ae90-f65bc432f10b','95d3b063-8ab5-4abb-9887-4006db7a20a8','{"firstName":"Nelson","lastName":"Joan","jobPosition":"UX UI designer","image":"https://placeimg.com/148/148/people","slug":"nelson-joan-86371678","created":"2020-01-19 11:17:37"}');
INSERT INTO user(id,company_id,data) VALUES ('033558be-82e3-4fa3-b4b3-0e805a3a155f','728e5333-6f00-4de1-bf0f-1ace3374c47b','{"firstName":"Nelson","lastName":"Cynthia","jobPosition":"Android developer","image":"https://placeimg.com/148/148/people","slug":"nelson-cynthia-033558be","created":"2020-12-01 00:15:25"}');
INSERT INTO user(id,company_id,data) VALUES ('6a70b4ab-f992-432d-a688-f0a138af42a8','e9f89daa-dd37-4595-a2ac-4bc4f6aaac88','{"firstName":"Lynch","lastName":"Cynthia","jobPosition":"Regional finance manager","image":"https://placeimg.com/148/148/people","slug":"lynch-cynthia-6a70b4ab","created":"2020-01-19 14:21:12"}');
INSERT INTO user(id,company_id,data) VALUES ('be7e980e-e178-4c49-862c-9a2a976a8df2','1e325d92-38b2-420a-a79e-4504110e0959','{"firstName":"Lucas","lastName":"Thomas","jobPosition":"Web developer","image":"https://placeimg.com/148/148/people","slug":"lucas-thomas-be7e980e","created":"2020-06-04 12:42:02"}');
INSERT INTO user(id,company_id,data) VALUES ('3023131e-5296-4f7d-a30b-e1dbb6e80005','e9f89daa-dd37-4595-a2ac-4bc4f6aaac88','{"firstName":"Nelson","lastName":"Scott","jobPosition":"Product Manager","image":"https://placeimg.com/148/148/people","slug":"nelson-scott-3023131e","created":"2020-11-08 16:15:16"}');
INSERT INTO user(id,company_id,data) VALUES ('7be2ca27-8cbb-4a0c-b253-d53eb1e678c1','765ca9e5-1bc0-4c94-abad-63e75ab3aa7c','{"firstName":"Miller","lastName":"Joan","jobPosition":"Manager","image":"https://placeimg.com/148/148/people","slug":"miller-joan-7be2ca27","created":"2020-02-27 09:06:26"}');
INSERT INTO user(id,company_id,data) VALUES ('fa368b64-51a0-4ebc-b003-012d3c058f89','765ca9e5-1bc0-4c94-abad-63e75ab3aa7c','{"firstName":"Burton","lastName":"Lucy","jobPosition":"Regional finance manager","image":"https://placeimg.com/148/148/people","slug":"burton-lucy-fa368b64","created":"2020-01-01 10:51:49"}');
INSERT INTO user(id,company_id,data) VALUES ('96ae4dd7-e68d-4b68-a61c-7ab0e5bd21f3','728e5333-6f00-4de1-bf0f-1ace3374c47b','{"firstName":"Williams","lastName":"Ann","jobPosition":"Regional finance manager","image":"https://placeimg.com/148/148/people","slug":"williams-ann-96ae4dd7","created":"2020-03-10 16:46:30"}');
INSERT INTO user(id,company_id,data) VALUES ('a5dc3582-bd3d-4518-81ea-a5b531d8e526','974ae794-a929-434d-a939-b0fb49d8bf64','{"firstName":"Smith","lastName":"Ann","jobPosition":"Web developer","image":"https://placeimg.com/148/148/people","slug":"smith-ann-a5dc3582","created":"2020-11-03 05:56:07"}');
INSERT INTO user(id,company_id,data) VALUES ('2e7bfefd-3a11-4fe9-bcdd-e9485bf81daf','1e325d92-38b2-420a-a79e-4504110e0959','{"firstName":"Burton","lastName":"Jeffrey","jobPosition":"Android developer","image":"https://placeimg.com/148/148/people","slug":"burton-jeffrey-2e7bfefd","created":"2020-02-09 12:01:39"}');
INSERT INTO user(id,company_id,data) VALUES ('947c7e11-8918-48d2-b73d-7dfd45189231','765ca9e5-1bc0-4c94-abad-63e75ab3aa7c','{"firstName":"Smith","lastName":"Thomas","jobPosition":"Regional finance manager","image":"https://placeimg.com/148/148/people","slug":"smith-thomas-947c7e11","created":"2020-10-17 18:19:45"}');
INSERT INTO user(id,company_id,data) VALUES ('8bfeea07-e1aa-43d1-91f4-78b9b6e60806','e9f89daa-dd37-4595-a2ac-4bc4f6aaac88','{"firstName":"Jones","lastName":"Thomas","jobPosition":"Manager","image":"https://placeimg.com/148/148/people","slug":"jones-thomas-8bfeea07","created":"2020-01-07 12:27:04"}');
INSERT INTO user(id,company_id,data) VALUES ('4094a31e-f077-498b-a212-a12e25e2307b','974ae794-a929-434d-a939-b0fb49d8bf64','{"firstName":"Lucas","lastName":"Joan","jobPosition":"UX UI designer","image":"https://placeimg.com/148/148/people","slug":"lucas-joan-4094a31e","created":"2020-09-05 04:16:34"}');
INSERT INTO user(id,company_id,data) VALUES ('1bdd53db-c50c-431d-bb76-70ad4e4018e1','728e5333-6f00-4de1-bf0f-1ace3374c47b','{"firstName":"Smith","lastName":"Thomas","jobPosition":"Hardware developer","image":"https://placeimg.com/148/148/people","slug":"smith-thomas-1bdd53db","created":"2020-03-12 15:41:27"}');
INSERT INTO user(id,company_id,data) VALUES ('8bc5adf3-1844-4770-b972-484972a60cb6','e9f89daa-dd37-4595-a2ac-4bc4f6aaac88','{"firstName":"Smith","lastName":"Joan","jobPosition":"Regional finance manager","image":"https://placeimg.com/148/148/people","slug":"smith-joan-8bc5adf3","created":"2020-07-23 03:26:09"}');
INSERT INTO user(id,company_id,data) VALUES ('c92a6578-7d42-45b5-8b93-8876f8f86bfb','765ca9e5-1bc0-4c94-abad-63e75ab3aa7c','{"firstName":"Evans","lastName":"Ann","jobPosition":"Software developer","image":"https://placeimg.com/148/148/people","slug":"evans-ann-c92a6578","created":"2020-06-19 18:47:15"}');
INSERT INTO user(id,company_id,data) VALUES ('cb5f8da0-cb39-4e16-885d-c8eabbf8de0b','95d3b063-8ab5-4abb-9887-4006db7a20a8','{"firstName":"Nelson","lastName":"Thomas","jobPosition":"Content maker","image":"https://placeimg.com/148/148/people","slug":"nelson-thomas-cb5f8da0","created":"2020-12-12 08:03:15"}');
INSERT INTO user(id,company_id,data) VALUES ('8f09c990-94e5-4ff1-a744-9afbb3b75648','974ae794-a929-434d-a939-b0fb49d8bf64','{"firstName":"Lynch","lastName":"Dawn","jobPosition":"UX UI designer","image":"https://placeimg.com/148/148/people","slug":"lynch-dawn-8f09c990","created":"2020-03-01 01:20:04"}');
INSERT INTO user(id,company_id,data) VALUES ('c0955706-d0f2-42cd-ad63-853f2fb6f8cf','765ca9e5-1bc0-4c94-abad-63e75ab3aa7c','{"firstName":"Williams","lastName":"Scott","jobPosition":"Content maker","image":"https://placeimg.com/148/148/people","slug":"williams-scott-c0955706","created":"2020-09-16 14:22:26"}');
INSERT INTO user(id,company_id,data) VALUES ('5c8999ea-7548-47a5-a184-d101fd2c81da','728e5333-6f00-4de1-bf0f-1ace3374c47b','{"firstName":"Burton","lastName":"Thomas","jobPosition":"Software developer","image":"https://placeimg.com/148/148/people","slug":"burton-thomas-5c8999ea","created":"2020-04-04 01:37:58"}');
INSERT INTO user(id,company_id,data) VALUES ('95ff8b1e-d581-458e-a3b6-bf90d81354cd','95d3b063-8ab5-4abb-9887-4006db7a20a8','{"firstName":"Lucas","lastName":"Ann","jobPosition":"UX UI designer","image":"https://placeimg.com/148/148/people","slug":"lucas-ann-95ff8b1e","created":"2020-05-19 09:29:21"}');
INSERT INTO user(id,company_id,data) VALUES ('ee66f97b-3639-451b-b844-003e8b78c555','765ca9e5-1bc0-4c94-abad-63e75ab3aa7c','{"firstName":"Williams","lastName":"Cynthia","jobPosition":"Product Manager","image":"https://placeimg.com/148/148/people","slug":"williams-cynthia-ee66f97b","created":"2020-12-09"}');
INSERT INTO user(id,company_id,data) VALUES ('1593ca06-dc55-4529-9f3f-52c6e7164377','e9f89daa-dd37-4595-a2ac-4bc4f6aaac88','{"firstName":"Lucas","lastName":"Cynthia","jobPosition":"Hardware developer","image":"https://placeimg.com/148/148/people","slug":"lucas-cynthia-1593ca06","created":"2020-09-07"}');
INSERT INTO user(id,company_id,data) VALUES ('e4e9d095-c24d-475f-9f05-3228ed2e5a20','1e325d92-38b2-420a-a79e-4504110e0959','{"firstName":"Jones","lastName":"Thomas","jobPosition":"Manager","image":"https://placeimg.com/148/148/people","slug":"jones-thomas-e4e9d095","created":"2020-10-14"}');
INSERT INTO user(id,company_id,data) VALUES ('d58290e6-7d57-473c-8cd7-e4ab9adc9236','728e5333-6f00-4de1-bf0f-1ace3374c47b','{"firstName":"Miller","lastName":"Thomas","jobPosition":"Product Manager","image":"https://placeimg.com/148/148/people","slug":"miller-thomas-d58290e6","created":"2020-11-30 06:04:44"}');
INSERT INTO user(id,company_id,data) VALUES ('bc969eea-14df-4067-81c7-2fdcfb39c128','e9f89daa-dd37-4595-a2ac-4bc4f6aaac88','{"firstName":"Smith","lastName":"Lauren","jobPosition":"Content maker","image":"https://placeimg.com/148/148/people","slug":"smith-lauren-bc969eea","created":"2020-01-16 18:48:08"}');
INSERT INTO user(id,company_id,data) VALUES ('773fd7e6-29cc-4ebe-85b1-ffec192b4265','1e325d92-38b2-420a-a79e-4504110e0959','{"firstName":"Miller","lastName":"Cynthia","jobPosition":"Content maker","image":"https://placeimg.com/148/148/people","slug":"miller-cynthia-773fd7e6","created":"2020-08-26 22:59:11"}');
INSERT INTO user(id,company_id,data) VALUES ('14fdfbc1-1665-4a41-9516-26a536a12fe0','974ae794-a929-434d-a939-b0fb49d8bf64','{"firstName":"Smith","lastName":"Joan","jobPosition":"Android developer","image":"https://placeimg.com/148/148/people","slug":"smith-joan-14fdfbc1","created":"2020-04-27 10:56:38"}');
INSERT INTO user(id,company_id,data) VALUES ('0253cc99-8ea9-4d82-8f02-747813c1598c','765ca9e5-1bc0-4c94-abad-63e75ab3aa7c','{"firstName":"Kennedy","lastName":"Scott","jobPosition":"Regional finance manager","image":"https://placeimg.com/148/148/people","slug":"kennedy-scott-0253cc99","created":"2020-01-07 09:55:28"}');
INSERT INTO user(id,company_id,data) VALUES ('5f83dded-8080-4778-b296-1279e0c88f97','1e325d92-38b2-420a-a79e-4504110e0959','{"firstName":"Nelson","lastName":"Lucy","jobPosition":"Hardware developer","image":"https://placeimg.com/148/148/people","slug":"nelson-lucy-5f83dded","created":"2020-12-02 14:22:04"}');
INSERT INTO user(id,company_id,data) VALUES ('b5e356df-b8c0-487a-82df-8816c0f257d3','728e5333-6f00-4de1-bf0f-1ace3374c47b','{"firstName":"Jones","lastName":"Lucy","jobPosition":"Android developer","image":"https://placeimg.com/148/148/people","slug":"jones-lucy-b5e356df","created":"2020-07-05 21:54:16"}');
INSERT INTO user(id,company_id,data) VALUES ('2fef8f1b-0ddf-4e30-897c-ea914f13ca73','765ca9e5-1bc0-4c94-abad-63e75ab3aa7c','{"firstName":"Jones","lastName":"Ann","jobPosition":"UX UI designer","image":"https://placeimg.com/148/148/people","slug":"jones-ann-2fef8f1b","created":"2020-07-09 23:43:53"}');
INSERT INTO user(id,company_id,data) VALUES ('3bf58d42-a446-4443-b038-72be94b5b56f','728e5333-6f00-4de1-bf0f-1ace3374c47b','{"firstName":"Miller","lastName":"Cynthia","jobPosition":"Web developer","image":"https://placeimg.com/148/148/people","slug":"miller-cynthia-3bf58d42","created":"2020-10-02 06:50:29"}');
INSERT INTO user(id,company_id,data) VALUES ('6f8bc0c9-d152-4479-808a-227e68caf51e','e9f89daa-dd37-4595-a2ac-4bc4f6aaac88','{"firstName":"Smith","lastName":"Thomas","jobPosition":"Software developer","image":"https://placeimg.com/148/148/people","slug":"smith-thomas-6f8bc0c9","created":"2020-10-22 01:20:51"}');
INSERT INTO user(id,company_id,data) VALUES ('9059bc72-7aaa-45cd-ba0b-e62b61949f67','974ae794-a929-434d-a939-b0fb49d8bf64','{"firstName":"Nelson","lastName":"Scott","jobPosition":"Android developer","image":"https://placeimg.com/148/148/people","slug":"nelson-scott-9059bc72","created":"2020-03-01 08:55:16"}');
INSERT INTO user(id,company_id,data) VALUES ('1eb2dcc6-ce18-4490-991a-30ed73988988','e9f89daa-dd37-4595-a2ac-4bc4f6aaac88','{"firstName":"Lucas","lastName":"Jeffrey","jobPosition":"Web developer","image":"https://placeimg.com/148/148/people","slug":"lucas-jeffrey-1eb2dcc6","created":"2020-05-29 01:33:44"}');
INSERT INTO user(id,company_id,data) VALUES ('fcc8e535-21b7-4afc-a278-c7b2c5c877b4','765ca9e5-1bc0-4c94-abad-63e75ab3aa7c','{"firstName":"Nelson","lastName":"Cynthia","jobPosition":"Manager","image":"https://placeimg.com/148/148/people","slug":"nelson-cynthia-fcc8e535","created":"2020-02-11 11:17:52"}');
INSERT INTO user(id,company_id,data) VALUES ('ccbffdfa-3451-47a2-8021-ce4a5b31d7bd','974ae794-a929-434d-a939-b0fb49d8bf64','{"firstName":"Lucas","lastName":"Dawn","jobPosition":"Product Manager","image":"https://placeimg.com/148/148/people","slug":"lucas-dawn-ccbffdfa","created":"2020-12-12 14:09:11"}');
INSERT INTO user(id,company_id,data) VALUES ('c2fd2426-a9c3-47ad-8f03-5ad3061a4e3c','728e5333-6f00-4de1-bf0f-1ace3374c47b','{"firstName":"Miller","lastName":"Lauren","jobPosition":"IOS developer","image":"https://placeimg.com/148/148/people","slug":"miller-lauren-c2fd2426","created":"2020-02-01 13:32:51"}');
INSERT INTO user(id,company_id,data) VALUES ('58f05a3c-1027-4ca1-ba74-10930c173811','e9f89daa-dd37-4595-a2ac-4bc4f6aaac88','{"firstName":"Nelson","lastName":"Dawn","jobPosition":"Android developer","image":"https://placeimg.com/148/148/people","slug":"nelson-dawn-58f05a3c","created":"2020-08-15 06:29:32"}');
INSERT INTO user(id,company_id,data) VALUES ('cb8029fe-926b-41e3-b52d-0190225bf2b5','e9f89daa-dd37-4595-a2ac-4bc4f6aaac88','{"firstName":"Lynch","lastName":"Thomas","jobPosition":"Regional finance manager","image":"https://placeimg.com/148/148/people","slug":"lynch-thomas-cb8029fe","created":"2020-03-26 13:01:03"}');
INSERT INTO user(id,company_id,data) VALUES ('7f2dfe6e-8f63-4ab3-bdcb-44e9c3a9e08b','765ca9e5-1bc0-4c94-abad-63e75ab3aa7c','{"firstName":"Lucas","lastName":"Thomas","jobPosition":"Regional finance manager","image":"https://placeimg.com/148/148/people","slug":"lucas-thomas-7f2dfe6e","created":"2020-01-15 22:10:57"}');
INSERT INTO user(id,company_id,data) VALUES ('c66093b2-9cd7-49d3-8e98-0272bbbff8d9','728e5333-6f00-4de1-bf0f-1ace3374c47b','{"firstName":"Miller","lastName":"Thomas","jobPosition":"Software developer","image":"https://placeimg.com/148/148/people","slug":"miller-thomas-c66093b2","created":"2020-01-13 10:12:48"}');
INSERT INTO user(id,company_id,data) VALUES ('5e2f5971-9c2f-43aa-8d5d-1edc587fa259','1e325d92-38b2-420a-a79e-4504110e0959','{"firstName":"Lucas","lastName":"Ann","jobPosition":"Manager","image":"https://placeimg.com/148/148/people","slug":"lucas-ann-5e2f5971","created":"2020-02-21 05:34:08"}');

INSERT INTO occupation(id,name) VALUES ('cab8111d-3bf7-4c56-871d-37aa1e1a6361','Consulting');
INSERT INTO occupation(id,name) VALUES ('dbadd3f3-24ba-4897-b5ba-34e14c95e7fe','Technology');
INSERT INTO occupation(id,name) VALUES ('9ac6ffa8-b109-4936-912c-956d0347fd7b','Computer Systems Analyst');
INSERT INTO occupation(id,name) VALUES ('9a65eed5-3933-4604-9796-54458a2c4906','Software');
INSERT INTO occupation(id,name) VALUES ('e2e3cbed-70ff-4f5e-8347-a61c2e52ae49','Hardware');

INSERT INTO industry(id,name) VALUES ('14b60a98-1e84-4657-af4e-b9b46a0fe3bc','Social');
INSERT INTO industry(id,name) VALUES ('6763e338-457a-408c-9935-63e26101227c','Internet');
INSERT INTO industry(id,name) VALUES ('4e5d6b07-2779-48b2-a6d8-b0249d058e9d','Software');
INSERT INTO industry(id,name) VALUES ('84303076-6477-4c78-b24a-91f9cdc1b8a7','Trade');
INSERT INTO industry(id,name) VALUES ('b70e4e34-9b68-43af-8026-0f277b6b0d1b','Deisgn');
INSERT INTO industry(id,name) VALUES ('7ded339f-999c-4c42-9db0-b80fccfa33f1','Beauty');
INSERT INTO industry(id,name) VALUES ('04881229-ebc7-46a1-a42e-237794c87cb0','Music');
INSERT INTO industry(id,name) VALUES ('9b9a8ab3-4899-4904-9e83-118e6fae1522','Health');
INSERT INTO industry(id,name) VALUES ('e6bff832-dd2a-4451-9e58-c7c008a7b0ba','Transport');
INSERT INTO industry(id,name) VALUES ('5e352386-e80f-4489-8dc4-b24975e741b2','Hardware');
INSERT INTO industry(id,name) VALUES ('2b3faf20-6236-4ff5-98dc-269a3c214bfc','Consulting');

INSERT INTO keyword(id,name) VALUES ('1763c0ec-8704-4b32-bcc4-590e6d27a3c0','Device');
INSERT INTO keyword(id,name) VALUES ('d1c66ba1-9b04-4179-a816-15b129a7940a','Electronic');
INSERT INTO keyword(id,name) VALUES ('f2a3b949-a9ad-4bbb-a81b-43fba5e269b2','Innovative');
INSERT INTO keyword(id,name) VALUES ('5b844f0c-de9a-4c14-91fb-978f9f865288','Telephone');
INSERT INTO keyword(id,name) VALUES ('fcb3cef6-2983-40de-b67a-a6e9c4805dd3','Retail');
INSERT INTO keyword(id,name) VALUES ('d2308497-7369-4689-a248-b082ee6063ca','Inthernet');
INSERT INTO keyword(id,name) VALUES ('d555af6e-fd00-4872-8e2d-4547fa5d5f13','Search');
INSERT INTO keyword(id,name) VALUES ('3832bfed-fa70-466d-b4b5-32c86b1ac05b','Technology');
INSERT INTO keyword(id,name) VALUES ('c658ba40-ac1d-47a9-b6dc-736ea840c8a0','Trade');
INSERT INTO keyword(id,name) VALUES ('849e58f0-fb6c-42ae-b1da-5484256a89b5','Design');
